recordID;objectTitle$lang;objectTitle$de;objectTitle$en;objectType;inventoryNumber;objectDescription$lang;objectDescription$de;objectDescription$en;materialsTechniquesDisplay$lang;materialsTechniquesDisplay$de;materialsTechniquesDisplay$en;materials;techniques;measurementsDisplay$lang;measurementsDisplay$de;measurementsDisplay$en;measurements_height_cm;measurements_width_cm;measurements_depth_cm;measurements_duration_min;eventType;person;personID;dateDisplay$lang;dateDisplay$de;dateDisplay$en;earliestDate;latestDate;subjectKeyword;image_1;usageRightsOfMediaFile_image_1;rightsHolderOfMediaFile_image_1;image_2;usageRightsOfMediaFile_image_2;rightsHolderOfMediaFile_image_2;image_3;usageRightsOfMediaFile_image_3;rightsHolderOfMediaFile_image_3;audio$lang;audio$de;audio$en;usageRightsOfMediaFile_audio;rightsHolderOfMediaFile_audio;institution$lang;institution$de;institution$en;qr;Row Key
1_fdv;;Birdcage (Vogelkäfig);Birdcage;http://vocab.getty.edu/page/aat/300102067;;;David Claerbout kombiniert in seinen Arbeiten die Mittel der Fotografie, des Videos, der Digitaltechnik und des Tons. In seiner Praxis erforscht er die Wechselwirkungen von Zeit, Bewegung, menschlicher Wahrnehmung und Erinnerung. Er erzeugt Bilder, die eine Spannung zwischen Stille und Bewegung erzeugen, und macht die Bedeutung der Dauer selbst zum Gegenstand seiner Werke. Dazu bewegen sich seine Filme oft an der Grenze zwischen statischem und bewegtem Bild. Mit seinen großformatigen Videoinstallationen macht der Künstler die Betrachter zu einem Teil des Werks, indem er eine räumliche Beziehung zwischen der Leinwand und dem Ausstellungsraum schafft. Birdcage (Vogelkäfig, 2023) ist eine Videoarbeit, in der er seine Beschäftigung mit Zeitwahrnehmung und Vorstellung von Wirklichkeit fortsetzt. Sie zeigt die Ruhe eines paradiesischen Gartens, die durch eine Explosion durchbrochen wird, wodurch das Gefühl eines Notstands entsteht. Die Explosion wird in gedämpfter und langer Einstellung gezeigt. Die Vögel als Bewohner* innen des Gartens werden hier mit direkten Einflüssen des Menschen konfrontiert. Der Glanzstar und die Singdrossel sind nicht nur Elemente der Szenerie, sondern auch Protagonisten, die die dramatische Situation widerspiegeln. Claerbout verleiht ihnen eine zentrale Rolle, um den menschlichen Eingriff in die Natur unterstreichen. Dabei wird die Veränderung von einem Ausdruck der Leichtigkeit hin zu einem expressionistischen Porträt der Angst vermittelt.;"David Claerbout combines various media including photography, video, digital technology and sound in his work. In his artistic practice, he explores the interactions of time, motion, human perception and memory. Creating images that generate a tension between stillness and movement, he makes the significance of duration itself into the subject of his work. To this end, his films often straddle the boundary between static and moving images. In his large-format video installations, the artist turns the viewer into part of the work by creating a spatial relationship between the screen and the exhibition space. Birdcage (2023) is a video piece in which the artist pursues his preoccupation with our perceptions of time and the concept of reality. It depicts the tranquillity of a garden paradise interrupted by an explosion, creating a sense of emergency. The explosion is presented in a muted, long take. In this way, the birds living in the garden are confronted with the direct influence of human beings. The glossy starling and the song thrush are not only elements of the scenery; they are also protagonists echoing the dramatic situation. Claerbout gives them a vital role in emphasising human intervention in nature, so conveying the change from an expression of lightness to an expressionist portrait of fear.";;4K Video Projektion;4K video projection;;;;96 Min.;96 min;;;;96;http://terminology.lido-schema.org/lido00007;David Claerbout;https://explore.gnd.network/gnd/124416179;;2023;2023;2023;2023;"https://www.wikidata.org/wiki/Q514379; https://www.wikidata.org/wiki/Q26349";;;;;;;;;;;;;;;;Courtesy der Künstler;Courtesy of the artists;; 274dbd6c-f7f3-4cdf-b30f-8386ba02d809
2_fdv;;Famous Pigeons (Berühmte Tauben);Famous Pigeons;http://vocab.getty.edu/page/aat/300047896;;;Anna Jermolaewas künstlerische Praxis umfasst eine Vielzahl von Medien, darunter Video, Fotografie und Installation. Ein zentrales Thema ihrer Arbeiten ist die Auseinandersetzung mit Identität und den komplexen Erfahrungen von Migration. Sie untersucht, wie kulturelle und soziale Kontexte das individuelle und kollektive Selbstverständnis prägen. Dabei thematisiert sie häufig die mit dem Leben in einer globalisierten Welt verbundenen Herausforderungen und reflektiert über Fragen von Heimat, Zugehörigkeit und Entfremdung. In Famous Pigeons (Berühmte Tauben, 2021) beschäftigt sich die Künstlerin mit der Rolle von Tauben im Ersten und Zweiten Weltkrieg. Sie wurden als Boten oder mit Kleinstkameras ausgestattet und wie Drohnen zur Aufklärung genutzt. Sie übermittelten wichtige Informationen über feindliche Bewegungen oder strategische Entscheidungen. Sie waren in der Lage, über große Entfernungen zu fliegen, ohne entdeckt zu werden. Jermolaewa stellt acht dieser mutigen Brief- und Kriegstauben aus dem 20. Jahrhundert in einzelnen Aquarellzeichnungen vor. Handschriftliche Erläuterungstexte reflektieren die historische Bedeutung dieser Tiere und ihre Rolle in der Kriegsberichterstattung. Darunter befinden sich drei Taubenuhren, die die Ankunftszeit einer Taube registrieren. Sie erinnern daran, dass Zeit von entscheidender Bedeutung ist. Die künstlerische Auseinandersetzung mit diesem Thema regt dazu an, über die oft übersehene Rolle von Tieren an der Frontlinie von Kriegen nachzudenken und ihren Beitrag zur Geschichte zu würdigen.;Anna Jermolaewa’s artistic practice encompasses a range of media, including video, photography and installation. One key theme of her work is the exploration of identity and complex experiences of migration. She studies the way that cultural and social contexts shape individual and collective self-perception. In doing so, she often addresses the challenges associated with living in a globalised world, and reflects on questions of home, belonging and alienation. In Famous Pigeons (2021), the artist explores the part played by pigeons in the First and Second World Wars. The birds were used as messengers or equipped with tiny cameras and deployed like drones for reconnaissance, transmitting vital information about enemy movements or strategic decisions. They were able to fly long distances without being detected. In individual watercolour drawings, Jermolaewa presents eight of these courageous wartime carrier pigeons from the 20th century. Handwritten explanatory texts reflect on the historical significance of the animals and their role in war reporting. Among them we also see three pigeon clocks, which were used to record a pigeon’s arrival time, reminding us that time is of the essence. This artistic exploration of the topic encourages us to reflect on the frequently overlooked part played by animals on the front lines of war and to appreciate their contribution to history.;;8 Aquarelle, Aquarell und Tusche auf Papier, 3 Taubenuhren;8 watercolors, watercolor and ink on paper, 3 pigeon clocks;http://vocab.getty.edu/page/aat/300014109;http://vocab.getty.edu/page/aat/300389895;;je 77 × 56 cm und je 17,5 × 17,5 × 20,5 cm;77 × 56 cm each and 17.5 × 17.5 × 20.5 cm each;;;;;http://terminology.lido-schema.org/lido00007;Anna Jermolaewa;https://explore.gnd.network/gnd/122344448;;2021;2021;2021;2021;https://www.wikidata.org/wiki/Q10856;;;;;;;;;;;;;;;;Courtesy Moderne Sammlung, Tiroler Landesmuseum, Inst 83/1-10;Courtesy modern collection, Tiroler Landesmuseum, Inst 83/1-10;; 9ead00ad-0580-4d57-b60b-d66fc33c507d
3_4_fdv;;Vogel in der Hand (Zilpzalp);Bird in the Hand (Chiffchaff);http://vocab.getty.edu/page/aat/300054225;;;Jochen Lempert ist studierter Biologe und war lange neben der künstlerischen Arbeit noch als Wissenschaftler tätig. Seit den 1990er Jahren fotografiert er Motive aus der Natur und Tierwelt unter künstlerischen Gesichtspunkten. Lempert arbeitet ausschließlich analog in Schwarzweiß. Seinen Fotografien und Fotogrammen verleiht das matte, kartonartige Fotopapier eine zusätzliche Objekthaftigkeit. Vogel- oder Schmetterlingsschwärme, Wasser- und Sedimentstrukturen, Wolken- oder Algenformationen rücken in sein Blickfeld. Lempert beschäftigt das Verhältnis von Natur und Kultur. In einigen Arbeiten gleicht sein Vorgehen dem enzyklopädischen Verfahren eines Wissenschaftlers. Doch meist kombiniert er seine Bildmotive eher assoziativ und schafft auf diese Weise neue Ordnungssysteme, die für die Vielfalt der Biologie begeistern. In seiner frühesten Werkgruppe und seinem Langzeitprojekt Skins of Alca impennis (Häute des Riesenalks, 1993 – 2016), das bereits vor 20 Jahren im Museum für Gegenwartskunst mit 15 Motiven zu sehen war, fotografierte Lempert den flugunfähigen, schwarzen Seevogel mit dem markanten weißen Fleck am Auge in Naturkundemuseen. Inzwischen hat Lempert 55 der insgesamt 78 weltweit verfügbaren Exponate des bereits im 19. Jahrhundert ausgestorbenen Vogels fotografiert. Diese zeigen erst beim genauen Betrachten ihre individuellen Unterschiede und sind als Topologie präsentiert. Ebenfalls seit vielen Jahren beobachtet er die Ankunft der Mauersegler, die den Großteil ihres Lebens in der Luft verbringen und jährlich aus ihren Winterquartieren südlich der Sahara zurück nach Europa kommen. Lempert hält ihre schnellen Flugmanöver in Fotografien fest. Sie laden dazu ein, genauer hinzuschauen und die Faszination natürlicher Anordnungen zu bestaunen. Eine besondere lokale Verbindung besteht auch bei dieser Serie. An der Universität Siegen gibt es eine Forschungsgruppe zur Mauerseglerpopulation in der Eiserfelder Autobahnbrücke, und direkt am Unteren Schloss befindet sich ein bedeutender Brutplatz, der in Zusammenarbeit mit dem NABU Siegen-Wittgenstein geschaffen wurde. Die dreiteilige Arbeit Vogel in der Hand (1998), die sich in der Sammlung Gegenwartskunst am MGKSiegen befindet, zeigt ein Rotkelchen, einen Zilpzalp und eine Weidenmeise. Die Vögel sitzen auf der Hand des Fotografen und gehen eine direkte Wechselbeziehung mit ihm ein. Die Hand wird dabei zum beweglichen Sockel, der sich der Form des Tieres anpasst. So fangen seine Fotografien einen intimen und flüchtigen Kontakt zwischen Mensch und Tier ein.;Jochen Lempert studied biology and worked as a scientist for many years parallel to his artistic production. Since the 1990s, he has been photographing motifs of nature and the animal world from an artistic perspective. Lempert works exclusively in black and white and using analogue techniques. The matt, cardboard-like photographic paper lends an additional object quality to his photographs and photograms. Flocks of birds or butterflies, structures of water and sediment, cloud or algae formations occupy his field of vision. Lempert is fascinated by the relations between nature and culture. In some of his works, his approach resembles a scientist’s encyclopaedic methodology. However, he tends to combine his motifs in an associative way, creating new ordering systems that inspire enthusiasm for the diversity of biology. In his earliest group of works and long-term project Skins of Alca impennis (1993 – 2016), 15 motifs of which were exhibited 20 years ago at the Museum für Gegenwartskunst, Lempert has photographed the flightless black seabird with the distinctive white patch over its eye as found in natural history museums. Lempert has now photographed 55 of the 78 existing exhibits worldwide, which became extinct in the 19th century. These reveal their individual differences only upon closer inspection and are presented as a topology. For many years, he has also been observing the arrival of swifts, which spend most of their lives in the air and return to Europe every year from their winter habitat south of the Sahara. Lempert captures their rapid aerial manoeuvres in photographs, inviting viewers to take a closer look and marvel at the fascination of their natural formations. This series also has a distinctly local connection. The University of Siegen has a research group studying the swift population at Eiserfeld motorway bridge, and there is an important breeding site directly at the Unteres Schloss, which was created in collaboration with the NABU Siegen-Wittgenstein. The three-part work Vogel in der Hand (Bird in the Hand, 1998), which belongs to the MGKSiegen contemporary art collection, shows a robin, a chiffchaff and a willow tit. The birds are sitting on the photographer’s hand and directly interact with him. The hand becomes a movable pedestal that can adapt to the animal’s shape. In this way, his photographs capture an intimate yet fleeting contact between human beings and animals.;;Silbergelatineabzug auf Barytpapier;Gelatin silver print on baryta paper;http://vocab.getty.edu/page/aat/300127335;http://vocab.getty.edu/page/aat/300128695;;38,5 × 29,5 cm;38.5 × 29.5 cm;38.5;29,50;;;http://terminology.lido-schema.org/lido00007;Jochen Lempert;https://explore.gnd.network/gnd/119359510;;1998;1998;1998;1998;https://www.wikidata.org/wiki/Q1691125;;;;;;;;;;;;;;;;MGKSiegen, Sammlung Gegenwartskunst;MGKSiegen, Contemporary collection;; 0017965f-5e88-4de6-bacf-1f9048d730cc
5_fdv;;Archiv der Sorgen;Archiv der Sorgen (Archive of Worries);http://vocab.getty.edu/page/aat/300047896;;;Das Künstlerinnenduo, bestehend aus Alberta Niemann und Jenny Kropp, macht alltägliche Objekte des privaten und öffentlichen Raums zum zentralen Gegenstand seiner Werke. Ihre Arbeiten bewegen sich dabei stets auf dem schmalen Grat zwischen Vertrautem und Unheimlichem, Ernsthaftem und Humorvollem. Ganz bewusst spielt das Kollektiv mit Erinnerungs- und Sehnsuchtsbildern, in denen die Intimität des Bekannten ins Beklemmende oder Absurde transformiert wird. Ihre Installation Archiv der Sorgen (2023) versammelt fünf lebensgroße, sprechende Raben auf einer Vielzahl scheinbar nicht abgeholter, schwarzer Müllsäcke. Sie tragen abwechselnd ihre Sorgen vor. Jeder Rabe hat seine eigene Stimme, gesprochen von den bekannten Schauspieler*innen und Sprecher*innen Hassan Akkouch, Sophie Rois, Lars Rudolph, Lilith Stangenberg und Oskar Tonke- Luzoro. Im Winter 2023 sammelten FORT die Ängste und Sorgen der Siegener Bürger*innen. Diese bildeten die Grundlage für ein Skript, das die Künstlerinnen gemeinsam mit Studierenden der Universität Siegen arrangierten. Bei den klischeehaften Figuren handelt es sich um so genannte Animatronics, von Jahrmärkten oder Vergnügungsparks bekannte Puppen, die durch elektronische und mechanische Antriebe, Programmierung, Sound und Synchronisation eine jeweils einzigartige Persönlichkeit entwickeln. Eine Stunde lang sprechen sie miteinander, mal monologisch, mal synchron im Chor. Raben gelten gemeinhin als intelligente, soziale Wesen, die schon in der Mythologie den Göttern in die Ohren krächzten, was sie sahen und hörten. So entpuppen sich die Figuren auch hier als orakelnde Zeitgenossen mit teils düsteren Themen und hoffnungsvollen Zukunftswünschen. Wie Fabelwesen führen uns die Raben in ihren Erzählungen das ganze Spektrum menschlicher Ängste vor Augen und ermöglichen;The artist duo Alberta Niemann and Jenny Kropp make everyday objects from private and public spaces into the focus of their work. Their pieces always walk a fine line between the familiar and the uncanny, and the serious and the humorous. The two artists deliberately play with images of memory and longing, transforming the intimacy of the familiar into something oppressive or absurd. Their installation Archiv der Sorgen (Archive of Worries, 2023) brings together five life-size, talking ravens on a mass of apparently uncollected black bin bags. They take turns to express their worries. Each raven has its own voice, spoken by well-known actors and voice artists Hassan Akkouch, Sophie Rois, Lars Rudolph, Lilith Stangenberg and Oskar Tonke-Luzoro. In winter 2023, FORT collected the fears and worries of Siegen’s citizens, which became the basis for a script that the artists arranged together with students from the University of Siegen. The clichéd figures are so-called animatronics, puppets familiar from funfairs and amusement parks, which develop their own unique personalities by means of electronic and mechanical drivers, programming, sound and synchronisation. They talk to each other for an hour, sometimes in monologues, sometimes in synchronised chorus. Ravens are generally regarded as intelligent, sociable creatures who, even in mythology, croaked what they saw and heard into the ears of the gods. Here, too, the figures emerge as oracular contemporaries exploring occasionally dark themes yet with some hopes for the future. Like mythical creatures, in their stories the ravens disclose the full spectrum of human anxiety and provide unfiltered access to troubled thoughts.;;Pneumatische Raben, Säcke gefüllt mit Zeitung, Lautsprecher, Kabel;Pneumatic ravens, bags filled with newspaper, speakers, cables;;;;;;;;;;http://terminology.lido-schema.org/lido00007;FORT;;;2023;2023;2023;2023;https://www.wikidata.org/wiki/Q43365;;;;;;;;;;;;;;;;"Courtesy die Künstlerinnen; Sies + Höke, Düsseldorf, produziert im Rahmen von Artist in Residence Siegen 2023";"Courtesy of the artists; Sies + Höke, Düsseldorf, produced as part of Artist in Residence Siegen 2023";; ebe1cd22-e6af-4b15-9cb0-bb63b1312c01
6_fdv;;Die Falknerin;The Women Falconer;http://vocab.getty.edu/page/aat/300033618;;;Maria Lassnig bezog sich in ihrer Malerei häufig auf den eigenen Körper. Für ihr künstlerisches Schaffen wurde sie 2002 mit dem Rubenspreis der Stadt Siegen ausgezeichnet. Ihre Arbeit ist vor allem durch den von ihr geprägten Begriff der „Körperbewusstseinsmalerei“ und ihr Interesse an der Darstellung innerer Wahrnehmungen geprägt. Lassnig ging es darum, das „Erleben“ des Körpers zu schildern und nicht nur den äußeren Körper als Abbild darzustellen. Ihre Bilder registrieren physische, psychische und existenzielle Zustände in einer teils abstrakt-konkreten, teils figurativen malerischen Übersetzung. Die Falknerin (1979) ist eines ihrer prägendsten Werke und ein bezeichnendes Beispiel für ihre einzigartige Herangehensweise an Körperwahrnehmung und Mensch-Tier-Beziehungen in ihrem Werk. In diesem Bild porträtiert sich die Malerin auf Augenhöhe mit dem Falken. Sie steht in einem aktiven, körperlichen Dialog mit der Natur, was durch den blinden Falken und die verschatteten Augen seiner Falkerin dargestellt wird. Durch die ausgestreckte Hand bilden Falke und weiblicher Akt auch eine formale Symbiose aus naturalistischen und abstrakten Elementen. Der Falke fungiert dabei nicht nur als Tier, sondern auch als symbolisches Gegenüber. Der Greifvogel, das Wildtier, scheint sich auch in seiner gezähmten Form und trotz der Bindung ihrer Kontrolle zu entziehen.;Maria Lassnig’s paintings often referenced her own body. In 2002, she was awarded the Rubens Prize from the city of Siegen for her artistic work, which is characterised primarily by the term ‘body awareness painting’ - which she coined herself - and her interest in depicting inner perceptions. Lassnig was concerned to show the body’s ‘experience’ and not to merely represent the external body as an image. Her paintings register physical, psychological and existential states in a partly abstract-concrete, partly figurative painterly style. Die Falknerin (The Women Falconer, 1979) is one of her most influential works and a prime example of her unique approach to body perceptions and human-animal relationships in her work. In this painting, the artist portrays herself eye-to-eye with the falcon. She is engaged in an active, physical dialogue with nature, symbolised by the blind falcon and the shadowed eyes of its falconer. The outstretched hand means that the falcon and the female nude also create a formal symbiosis of naturalistic and abstract elements. The falcon functions here not only as an animal, but also as a symbolic counterpart. The bird of prey, the wild animal, seems to elude the artist’s control – even in its tamed form – despite her bond with it.;;Öl auf Leinwand;Oil on canvas;http://vocab.getty.edu/page/aat/300014078;http://vocab.getty.edu/page/aat/300178684;;123 × 168 cm;123 × 168 cm;123;168;;;http://terminology.lido-schema.org/lido00007;Maria Lassnig;https://reconcile.gnd.network/gnd/118569937;;1979;1979;1979;1979;https://www.wikidata.org/wiki/Q43489;;;;;;;;;;;;;;;;MGKSiegen, Sammlung Lambrecht-Schadeberg;MGKSiegen, Collection Lambrecht-Schadeberg;; 0d31654f-c784-45dc-8104-92e9c1b44708
7_fdv;;The Canticle of the Birds (Das Hohelied der Vögel);The Canticle of the Birds;http://vocab.getty.edu/page/aat/300102067;;;In ihren Ausstellungen kombiniert Katia Kameli meist verschiedene Medien wie Fotografie, Video, Zeichnung, Skulptur, Installation, Klang und Performance. In ihren Arbeiten erforscht sie Themen wie kulturelle Hybridität, kollektive Erinnerung und die Dekonstruktion hegemonialer Narrative. Sie nutzt künstlerische Übersetzung als Werkzeug, um neue Bedeutungsräume zu schaffen und binäre Denkweisen sowie hierarchische Strukturen zu untergraben. Ihr Interesse gilt der Überarbeitung oder Neuschreibung gängiger Erzählungen, um auf die Formbarkeit globaler Geschichte hinzuweisen. In The Canticle of the Birds (Das Hohelied der Vögel, 2022) sind Tänzer*innen im Garten von Rayol am französischen Mittelmeer zu sehen. Jede Tänzerin und jeder Tänzer repräsentiert eine Vogelart, folgt einer eigenen Choreografie und gibt einen eigenen Klang wieder. Diese Arbeit ist inspiriert vom persischen Epos Die Konferenz der Vögel von Farid ud-Din Attar. Kameli kombiniert in dieser Arbeit Keramikfiguren, Seidenmalereien und Film zu einer poetischen Erzählung über die Suche nach Erkenntnis und Gemeinschaft. Der persische Epos erzählt von einer Initiationsreise tausender Vögel, die auf der Suche nach dem mystischen Vogel Simurgh sind. Simurgh ist eine Allegorie für das Göttliche. Um zu ihm zu gelangen, nehmen die Vögel die Reise durch sieben Täler auf sich. Am Ende ihrer Reise, als nur noch dreißig von ihnen übrig sind, erkennen sie, dass sie selbst der gesuchte König sind, denn „Simurgh“ bedeutet getrennt geschrieben „dreißig Vögel“. Mit dieser Arbeit begibt sich Kameli auf eine Übersetzungsreise, auf der sich Traditionen, Geschichten und Kulturen vermischen.;In most of her exhibitions, Katia Kameli combines different media such as photography, video, drawing, sculpture, installation, sound and performance. She explores themes such as cultural hybridity, collective memory, and the deconstruction of hegemonic narratives in her work, using artistic translation as a tool to create new spheres of meaning, and subvert binary ways of thinking and hierarchical structures. She is interested in reworking or rewriting familiar narratives to highlight the malleability of global history. The Canticle of the Birds (2022) presents dancers in a garden in Rayol on the French Mediterranean coast. Each dancer represents a species of bird, following their own choreography and reproducing their specific cries. This work was inspired by the Persian epic The Conference of the Birds by Farid ud-Din Attar. Here, Kameli combines ceramic figures, silk paintings and film to create a poetic narrative pursuing the search for knowledge and community. The Persian epic tells of an initiatory journey undertaken by thousands of birds seeking the mystical bird Simurgh. Simurgh is an allegory representing the divine. To reach him, the birds embark on a journey through seven valleys. At the end of their journey, when only thirty of them remain, they realise that they themselves are the divinity they have been searching for, as ‘Simurgh’ means ‘thirty birds’ when written in two separate words. With this work, Kameli embarks on a journey of translation whereby traditions, stories and cultures become intertwined.;;HD Video;HD video;;;;25 Min.;25 min;;;;25;http://terminology.lido-schema.org/lido00007;Katia Kameli;https://explore.gnd.network/gnd/112725118X;;2022;2022;2022;2022;https://www.wikidata.org/wiki/Q548119;;;;;;;;;;;;;;;;Courtesy die Künstlerin;Courtesy of the artist;; 33a93ede-a8f0-405d-ae5b-3475ba67c0a7
8_fdv;;Approximation (Looking Glass Birds of Paradise);Approximation (Looking Glass Birds of Paradise);http://vocab.getty.edu/page/aat/300047896;;;Katja Novitskova beschäftigt sich mit digitalen Abbildern der Natur und deren Einfluss auf unsere Wahrnehmung der Welt. Sie untersucht bildgebende Verfahren und ihre Verwendung in Kunst, Wissenschaft und Gesellschaft. Ihre Arbeiten gründen auf fortlaufenden Recherchen zu aktuellen Forschungen der Biotechnologie und kreisen um die Frage nach dem zukünftigen Fortbestand des Organischen als Bestandteil technologischer Prozesse. Eines ihrer frühesten Werke, Approximation I aus dem Jahr 2012, zeigt zwei einander zugewandte Kaiserpinguine in nahezu perfekter Symmetrie. In späteren Werken bettet sie beispielsweise einen scharlachroten Ibiskopf oder einen roboterhaft wirkenden Marabu-Vogel in künstliche Marslandschaften ein. In den letzten Jahren fütterte die Künstlerin eine KI-Software zur Bilderzeugung mit fotografischen Abbildungen ihrer Werke der letzten zehn Jahre. Die hier präsentierte Arbeit Approximation (Looking Glass Birds of Paradise) (Annäherung (Looking Glass Paradiesvögel), 2023) steht in einem visuellen Zusammenhang mit Approximation I. Die überlebensgroßen Fotoobjekte sind ebenfalls als Cutouts, also ausgeschnittene Fotografien, auf Aluminiumplatten aufgezogen und freistehend platziert. Doch diese Arbeit basiert auf der fotografischen Dokumentation. Die zweiteilige Darstellung eines Pinguinpaares verschmilzt zu einer unnatürlichen Form. Trotz der relativ hohen Detailgenauigkeit bleibt es eine Annäherung, die zugleich die Vorlieben des Algorithmus für bestimmte Muster widerspiegelt. Zugleich reflektiert die Arbeit am Beispiel der Pinguine, wie natürliche und künstliche Formen sowie die Grenzen von Mutationen fließend werden und plötzlich neue Merkmale ausbilden.;Katja Novitskova explores digital representations of nature and their influence on our perception of the world. She investigates imaging techniques and their use in art, science and society. Her work is based on ongoing research into current developments in biotechnology and centres around the future existence of the organic as a component of technological processes. One of her earliest works, Approximation I from 2012, shows two emperor penguins, face-to-face in almost perfect symmetry. In later works, she embeds a scarlet ibis’s head or a robot-like marabou bird into artificial Martian landscapes. In recent years, the artist has fed photographic images of her works from the last ten years into AI image-generation software. The work presented here, Approximation (Looking Glass Birds of Paradise) (2023), is related visually to Approximation I. The larger-than-life photo objects are also cutouts, i.e. photographs cut out and mounted on aluminium plates, then placed in freestanding positions. However, this work is based on photographic documentation. The two-part depiction of a penguin-pair merges into an unnatural form. Despite the relatively high degree of detail, it remains an approximation that also reflects the algorithm’s preference for certain patterns. At the same time, using the example of penguins, the work reflects on the way natural and artificial forms and the boundaries of mutations become fluid, suddenly developing new characteristics.;;Digitaldruck auf Aluminiumausschnitt-Display;Digital print on aluminium cutout display;http://vocab.getty.edu/page/aat/300011015;http://vocab.getty.edu/page/aat/300011015;;195 × 220 × 30 cm;195 × 220 × 30 cm;195;220;30;;http://terminology.lido-schema.org/lido00007;Katja Novitskova;https://explore.gnd.network/gnd/1034193074;;2023;2023;2023;2023;https://www.wikidata.org/wiki/Q161829;;;;;;;;;;;;;;;;MGKSiegen, Sammlung Gegenwartskunst, Dauerleihgabe Freundeskreis;MGK Siegen, Contemporary Art Collection, permanent loan Freundeskreis;; 0f4df2cb-8696-4a40-8e6e-7ea08e2b7e59
9_fdv;;Tönende Tiere – von der Musik heimischer Vögel;Tönende Tiere – von der Musik heimischer Vögel;http://vocab.getty.edu/page/aat/300047896;;;Dominik Eulberg ist ein Techno-DJ, Musikproduzent und Autor sowie studierter Biologe aus dem Westerwald. Der leidenschaftliche Naturschützer, Ornithologe und NABU-Fledermausbotschafter arbeitet zudem als Gastwissenschaftler am Museum für Naturkunde in Berlin. In seinen Projekten verbindet er seine beiden lebenslangen Leidenschaften – die Musik und die Natur. Mit seinen einzigartigen Biodiversitätsshows und vielen anderen Aktivitäten setzt er sich leidenschaftlich für den Erhalt der biologischen Vielfalt ein. Sein Ausstellungsbeitrag greift auf sein neuestes Projekt Tönende Tiere und das Tierstimmenarchiv des Museums für Naturkunde Berlin zurück. In Text und Ton vermittelt Dominik Eulberg die ganze akustische Breite der heimischen Fauna und seine Faszination für die Musikalität des Vogelgesangs. Die Auswahl an Präparaten aus dem Institut für Biologie der Universität Siegen stellt 18 heimische Vogelarten vor. Mittels QR-Codes werden die Exponate zum Klingen gebracht. Die Vogelstimmen der einzelnen Exemplare lassen sich in ihrer Komplexität und als direkte Übersetzung in Elektrosounds erleben. Zunächst ist die unbearbeitete Tierstimme zu hören, die dann in ein kurzes Musikstück übergeht. Dieses wurde ausschließlich von den Vögeln selbst komponiert. Eulberg hat lediglich seine elektronischen Musikinstrumente zur Verfügung gestellt und die jeweiligen Vogelstimmen in Noten und MIDI-Daten transkribiert. Damit verwandelt Eulberg mit Tönende Tiere – von der Musik heimischer Vögel (2025) das MGKSiegen für die Dauer der Ausstellung in ein künstlerisches Naturkundemuseum, das zum Staunen anregt.;Dominik Eulberg is a techno DJ, music producer, author, and trained biologist from the Westerwald region of Germany. A passionate conservationist, ornithologist and NABU bat-ambassador, he also works as a guest scientist at the Museum of Natural History in Berlin. He combines his two lifelong passions – music and nature – in his projects. His unique biodiversity shows and many other activities reveal a passionate commitment to the preservation of biological diversity. His contribution to this exhibition draws on his latest project, Tönende Tiere and the animal sound archive of the Museum of Natural History in Berlin. In text and sound, Dominik Eulberg conveys the full acoustic range of native fauna and his fascination with the musicality of birdsong. The selection of samples from the Institute of Biology at the University of Siegen presents 18 native bird species. QR codes are used to bring the exhibits to life. The bird calls of the individual specimens can be experienced in their full complexity and as a direct translation into electronic sounds. First, the unprocessed animal voice can be heard, then it transitions into a short piece of music. This was composed entirely by the birds themselves. Eulberg merely provided his electronic musical instruments and transcribed the respective bird calls into sheet music and MIDI data. In doing so, Eulberg transforms with Tönende Tiere – von der Musik heimischer Vögel (Sounding animals – the music of native birds, 2025) the MGKSiegen into an artistic natural history museum for the duration of the exhibition, inspiring wonder.;;18 Vogelpräparate, Text, Sound;18 bird taxidermy specimens, text, sound;;;;;;;;;;http://terminology.lido-schema.org/lido00007;Dominik Eulberg;https://explore.gnd.network/gnd/135388422;;2025;2025;2025;2025;;;;;;;;;;;;;;;;;Courtesy der Künstler;Courtesy of the artists;; c8d26222-3dd6-4200-822b-f4bb52db04aa
10_fdv;;Playing to the Birds (Ein Spiel für die Vögel);Playing to the Birds;http://vocab.getty.edu/page/aat/300102067;;;In Annika Kahrs’ Arbeiten werden die Codes und Kontexte klassischer Musik experimentell hinterfragt, indem die Parameter ihrer Präsentation, Aufführung und Wahrnehmung infrage gestellt werden. In ihren Filmen und Installationen lässt sie Raum für Spontaneität und kollektive Ausdrucksformen, die sich von den Vorgaben der Partituren und Konzertsäle lösen. Durch die Einbeziehung von Amateurund Profimusikern, die Verlegung von Aufführungen in private Räume, die Erweiterung der Rolle des Publikums oder die Einbeziehung von Tieren schafft Kahrs Umgebungen, in denen musikalische Ereignisse das Zusammenwirken von Gemeinschaften verstärken. In der Videoinstallation Playing to the Birds (Ein Spiel für die Vögel, 2014) spielt der Pianist Lion Hinrichs im barocken Saal des Jenisch-Hauses in Hamburg Franz Liszts Vogelpredigt des Franz von Assisi (1863). Das Stück wird vor einem Publikum aus domestizierten Singvögeln aufgeführt. Liszts Komposition verwendet Triller und hohe Töne, um den Klang eines ganzen Vogelschwarms zu erzeugen. Während Liszt mit seinen virtuosen Stakkatos versuchte, die „Sprache“ der Vögel für das menschliche Ohr musikalisch zu imitieren, hören die Vögel hier eine menschliche Interpretation ihrer Sprache. Verschiedene Formen der klanglichen Kommunikation werden wiedergegeben, kreuzen und überlagern sich. Annika Kahrs befreit die Singvögel aus ihrer Rolle als musikalische Protagonisten und macht sie zu Zuhörern einer Aufführung ihrer eigenen Kommunikationsform. Damit stellt sie Fragen zu Mechanismen der Kommunikation, Übersetzung und Interpretation.;Annika Kahrs’ works question the codes and contexts of classical music in an experimental way, by challenging the parameters of its presentation, performance and perception. In her films and installations, she leaves room for spontaneity and collective forms of expression that break away from the constraints of scores and concert halls. By involving amateur and professional musicians, relocating performances to private spaces, expanding the role of the audience, or incorporating animals, Kahrs creates environments in which musical events reinforce the interaction among communities. In the video installation Playing to the Birds (2014), pianist Lion Hinrichs plays Franz Liszt’s St. Francis of Assisi–Preaching to the Birds (1863) in the baroque hall of Jenisch House in Hamburg. The piece is performed in front of an audience of domesticated songbirds. Liszt’s composition uses trills and high notes to create the sound of a whole flock of birds. While Liszt attempted to imitate the ‘language’ of birds musically for the human ear with his virtuoso staccatos, here the birds can listen to a human interpretation of their language. Various forms of sonic communication are reproduced, criss-crossing and overlapping. Annika Kahrs liberates the songbirds from their role as musical protagonists and turns them into listeners to a performance featuring their own form of communication. In doing so, she raises questions about the mechanisms of communication, translation and interpretation.;;HD Video, Farbe, Sound;HD video, color, sound;;;;14 Min.;14 min;;;;14;http://terminology.lido-schema.org/lido00007;Annika Kahrs;https://explore.gnd.network/gnd/1044570342;;2014;2014;2014;2014;https://www.wikidata.org/wiki/Q194240;;;;;;;;;;;;;;;;Courtesy der Künstler und BQ, Berlin;Courtesy of the artists and BQ, Berlin;; 27d556cb-ef6d-4e4e-b8a5-29ee5fa20740
